{"cameraMode":{"drawMode":0,"name":"Shaded","section":"Shading Mode"},"sceneLighting":false,"audioPlay":false,"sceneViewState":{"showFog":true,"showMaterialUpdate":false,"showSkybox":false,"showFlares":true,"showImageEffects":true,"showParticleSystems":true},"in2DMode":false,"pivot":{"x":3.7156238555908205,"y":5.323629856109619,"z":6.118308067321777},"rotation":{"x":-0.0014984813751652837,"y":-0.04498477280139923,"z":-0.00006747721636202186,"w":0.9989866018295288},"size":2.8578836917877199,"orthographic":false}